{
    "available_space": true,
    "id": "k1",
    "size_max": 49.429656982421875,
    "size_mean": 8.226412391662597,
    "size_min": 1.185272216796875,
    "total_size": 658.1129913330078
}